{"7-12_PM_P1C3_Control.jpg": [805.3828125, 805.37890625, 645.2938232421875], "7-9_PM_P1C3_Control.jpg": [828.34375, 828.484375, 646.957763671875], "7-11_PM_P1C6_Control.jpg": [810.9569091796875, 810.715576171875, 638.4757690429688], "7-9_PM_P1C2_Control.jpg": [809.5760498046875, 809.054443359375, 645.5977783203125], "7-12_PM_P1C4_Control.jpg": [805.3035888671875, 805.875, 639.9231567382812], "7-12_PM_P1C2_Control.jpg": [801.6710205078125, 801.96044921875, 645.33154296875], "7-10_PM_P1C3_Control.jpg": [829.326904296875, 829.542236328125, 654.6547241210938], "7-11_PM_P1C2_Control.jpg": [780.5543212890625, 780.076171875, 635.37841796875], "7-12_PM_P1C7_Control.jpg": [817.0966796875, 817.9248046875, 648.9528198242188], "7-12_PM_P1C9_Control.jpg": [812.958740234375, 812.744384765625, 646.2102661132812], "7-9_PM_P1C1_Control.jpg": [785.9000244140625, 785.800048828125, 634.7850341796875], "7-9_PM_P1C10_Control.jpg": [816.212646484375, 816.682861328125, 638.2867431640625], "7-10_PM_P1C4_Control.jpg": [803.6160888671875, 803.732177734375, 635.49560546875], "7-11_PM_P1C1_Control.jpg": [787.6136474609375, 787.022705078125, 631.3955078125], "7-12_PM_P1C1_Control.jpg": [818.5833740234375, 818.737060546875, 645.9063720703125], "7-12_PM_P1C8_Control.jpg": [828.7177734375, 828.29833984375, 639.8966674804688], "7-9_PM_P1C8_Control.jpg": [810.8499755859375, 810.345703125, 643.1634521484375], "7-10_PM_P1C9_Control.jpg": [832.005126953125, 832.56640625, 644.819580078125], "7-10_PM_P1C5_Control.jpg": [784.8125, 784.625, 639.453125], "7-9_PM_P1C9_Control.jpg": [746.875, 746.0, 632.4125366210938], "7-11_PM_P1C3_Control.jpg": [833.685302734375, 833.13525390625, 645.7669677734375], "7-10_PM_P1C2_Control.jpg": [812.32080078125, 812.0, 638.6417846679688], "7-12_PM_P1C10_Control.jpg": [789.9166259765625, 789.638916015625, 640.461181640625], "7-10_PM_P1C6_Control.jpg": [801.156494140625, 801.0771484375, 644.688232421875], "7-10_PM_P1C10_Control.jpg": [808.0535888671875, 808.69189453125, 654.4588012695312], "7-9_PM_P1C5_Control.jpg": [782.5, 782.625, 633.0875854492188], "7-11_PM_P1C5_Control.jpg": [829.5347900390625, 829.148681640625, 649.6287231445312], "7-9_PM_P1C4_Control.jpg": [817.7572021484375, 817.428466796875, 637.1343994140625], "7-11_PM_P1C7_Control.jpg": [805.2139892578125, 805.548583984375, 651.2950439453125], "7-9_PM_P1C6_Control.jpg": [811.3289794921875, 811.618408203125, 638.8604736328125], "7-10_PM_P1C8_Control.jpg": [782.1578369140625, 782.328857421875, 630.6875], "7-10_PM_P1C1_Control.jpg": [736.0357666015625, 736.03564453125, 625.8714599609375], "7-11_PM_P1C9_Control.jpg": [798.4166259765625, 798.54638671875, 636.90087890625], "7-12_PM_P1C6_Control.jpg": [806.7432861328125, 806.101318359375, 635.3589477539062], "7-9_PM_P1C7_Control.jpg": [812.9285888671875, 812.946533203125, 637.6303100585938], "7-10_PM_P1C7_Control.jpg": [821.7686767578125, 821.864990234375, 649.5575561523438], "7-12_PM_P1C5_Control.jpg": [809.97216796875, 809.2685546875, 638.892578125], "7-11_PM_P1C10_Control.jpg": [785.15625, 785.0625, 638.6187744140625], "7-11_PM_P1C4_Control.jpg": [803.8062744140625, 803.624267578125, 646.9383544921875], "7-11_PM_P1C8_Control.jpg": [754.0863037109375, 754.759033203125, 632.4036865234375]}