{"7-9_PM_P1C2_Serial.jpg": [808.1617431640625, 808.191162109375, 650.63232421875], "7-9_PM_P1C9_Serial.jpg": [783.3055419921875, 783.6943359375, 639.0555419921875], "7-9_PM_P1C3_Serial.jpg": [807.0718994140625, 807.339111328125, 654.2910766601562], "7-10_AM_P1C2_Serial.jpg": [810.522705078125, 810.931884765625, 673.2385864257812], "7-10_AM_P1C4_Serial.jpg": [817.3011474609375, 817.335205078125, 650.247802734375], "7-12_AM_P1C8_Serial.jpg": [830.81982421875, 830.1396484375, 653.3033447265625], "7-10_AM_P1C5_Serial.jpg": [815.0845947265625, 815.869140625, 657.1996459960938], "7-9_AM_P1C8_Serial.jpg": [817.7242431640625, 817.523193359375, 653.3316040039062], "7-10_PM_P1C8_Serial.jpg": [824.34521484375, 824.1071166992188, 662.5697631835938], "7-12_AM_P1C5_Serial.jpg": [803.259033203125, 803.14453125, 649.687744140625], "7-10_PM_P1C6_Serial.jpg": [806.3499755859375, 806.3857421875, 650.221435546875], "7-9_AM_P1C5_Serial.jpg": [815.133544921875, 815.8321533203125, 652.320556640625], "7-11_AM_P1C7_Serial.jpg": [828.1328125, 828.375, 662.3751831054688], "7-11_PM_P1C5_Serial.jpg": [819.7664794921875, 819.75, 652.0723876953125], "7-11_AM_P1C2_Serial.jpg": [802.7794189453125, 802.86767578125, 645.1441040039062], "7-9_PM_P1C5_Serial.jpg": [811.84716796875, 811.791748046875, 658.1173095703125], "7-10_AM_P1C7_Serial.jpg": [819.0478515625, 819.330810546875, 660.0363159179688], "7-12_PM_P1C8_Serial.jpg": [821.75, 821.948486328125, 656.1427001953125], "7-12_PM_P1C2_Serial.jpg": [779.949951171875, 779.64990234375, 650.8599853515625], "7-12_PM_P1C10_Serial.jpg": [817.892822265625, 817.25, 656.3250732421875], "7-12_PM_P1C4_Serial.jpg": [802.59375, 802.203125, 652.092529296875], "7-11_PM_P1C4_Serial.jpg": [813.103271484375, 813.097900390625, 661.8820190429688], "7-12_PM_P1C7_Serial.jpg": [826.7723388671875, 826.213623046875, 653.5227661132812], "7-10_PM_P1C10_Serial.jpg": [809.4661865234375, 809.344482421875, 650.4175415039062], "7-9_AM_P1C2_Serial.jpg": [810.3424072265625, 810.4130859375, 657.6300659179688], "7-12_PM_P1C5_Serial.jpg": [825.52197265625, 825.634033203125, 649.6300048828125], "7-11_AM_P1C1_Serial.jpg": [819.46875, 819.887451171875, 649.03759765625], "7-12_AM_P1C7_Serial.jpg": [822.5887451171875, 822.459716796875, 649.9609985351562], "7-12_AM_P1C6_Serial.jpg": [804.783203125, 804.07861328125, 648.6954956054688], "7-9_PM_P1C4_Serial.jpg": [807.1785888671875, 807.021484375, 650.667236328125], "7-12_PM_P1C3_Serial.jpg": [747.4166259765625, 747.25, 632.8499755859375], "7-9_PM_P1C10_Serial.jpg": [803.5, 803.571533203125, 653.8402709960938], "7-9_AM_P1C6_Serial.jpg": [813.3326416015625, 813.596435546875, 655.711181640625], "7-10_PM_P1C5_Serial.jpg": [835.3699951171875, 835.8699951171875, 658.558837890625], "7-12_AM_P1C9_Serial.jpg": [821.9095458984375, 821.595703125, 657.3289184570312], "7-9_PM_P1C7_Serial.jpg": [826.738037109375, 826.452392578125, 657.3875732421875], "7-10_PM_P1C7_Serial.jpg": [821.6412963867188, 821.1319580078125, 654.8838500976562], "7-10_AM_P1C3_Serial.jpg": [808.4884033203125, 808.33837890625, 648.9660034179688], "7-10_AM_P1C10_Serial.jpg": [820.8258056640625, 820.098388671875, 657.5780029296875], "7-9_PM_P1C6_Serial.jpg": [807.06005859375, 807.169921875, 649.4769287109375], "7-11_PM_P1C8_Serial.jpg": [834.363037109375, 834.069091796875, 656.401611328125], "7-12_PM_P1C6_Serial.jpg": [796.3060302734375, 796.74560546875, 642.8241577148438], "7-12_AM_P1C4_Serial.jpg": [825.8885498046875, 825.629638671875, 654.125732421875], "7-10_PM_P1C3_Serial.jpg": [828.8333129882812, 828.5499877929688, 654.4060668945312], "7-9_PM_P1C8_Serial.jpg": [828.844482421875, 828.125, 660.1895751953125], "7-11_PM_P1C9_Serial.jpg": [810.3955078125, 810.57275390625, 651.9890747070312], "7-9_AM_P1C9_Serial.jpg": [811.4285888671875, 811.125, 648.04638671875], "7-12_PM_P1C9_Serial.jpg": [823.6395263671875, 823.5, 653.2140502929688], "7-10_AM_P1C8_Serial.jpg": [817.29541015625, 817.04541015625, 657.0328979492188], "7-11_AM_P1C5_Serial.jpg": [818.644775390625, 818.812255859375, 658.3229370117188], "7-11_PM_P1C1_Serial.jpg": [820.595703125, 820.05322265625, 659.9913940429688], "7-11_AM_P1C6_Serial.jpg": [804.8038330078125, 804.5693359375, 648.9963989257812], "7-11_AM_P1C8_Serial.jpg": [812.058349609375, 812.283447265625, 656.3939208984375], "7-10_PM_P1C9_Serial.jpg": [792.8333740234375, 792.5, 637.7583618164062], "7-12_AM_P1C2_Serial.jpg": [787.607177734375, 787.392822265625, 642.4356689453125], "7-11_AM_P1C4_Serial.jpg": [815.6666259765625, 815.416748046875, 668.8666381835938], "7-12_PM_P1C1_Serial.jpg": [813.199951171875, 813.35009765625, 656.3624267578125], "7-11_AM_P1C10_Serial.jpg": [823.291015625, 823.037353515625, 649.4364624023438], "7-9_AM_P1C7_Serial.jpg": [818.4832763671875, 818.6943359375, 659.3970947265625], "7-11_PM_P1C7_Serial.jpg": [828.0897216796875, 828.24755859375, 654.153564453125], "7-9_AM_P1C10_Serial.jpg": [812.6666259765625, 812.7667236328125, 650.0567016601562], "7-9_AM_P1C4_Serial.jpg": [826.3314208984375, 826.412841796875, 658.552001953125], "7-10_PM_P1C2_Serial.jpg": [805.75, 805.0, 657.5349731445312], "7-11_AM_P1C9_Serial.jpg": [814.6041259765625, 814.302001953125, 653.8776245117188], "7-11_PM_P1C6_Serial.jpg": [804.7235107421875, 804.32275390625, 651.8919677734375], "7-12_AM_P1C3_Serial.jpg": [780.9078369140625, 780.328857421875, 639.5697631835938], "7-11_PM_P1C2_Serial.jpg": [827.9300537109375, 827.949951171875, 658.6858520507812], "7-11_AM_P1C3_Serial.jpg": [816.197265625, 816.470458984375, 650.805419921875], "7-12_AM_P1C10_Serial.jpg": [817.1817626953125, 817.8408203125, 652.85693359375], "7-10_PM_P1C4_Serial.jpg": [805.635009765625, 805.905029296875, 652.156005859375], "7-9_AM_P1C1_Serial.jpg": [812.0792236328125, 812.853759765625, 653.83935546875], "7-10_AM_P1C1_Serial.jpg": [813.14794921875, 813.0458984375, 649.3857421875], "7-10_AM_P1C9_Serial.jpg": [792.6370849609375, 792.443603515625, 642.073486328125], "7-11_PM_P1C10_Serial.jpg": [804.101806640625, 804.601806640625, 649.9518432617188], "7-10_PM_P1C1_Serial.jpg": [799.1749877929688, 799.1124877929688, 648.594970703125], "7-11_PM_P1C3_Serial.jpg": [820.59521484375, 820.5693359375, 653.6989135742188], "7-10_AM_P1C6_Serial.jpg": [805.555908203125, 805.88525390625, 647.9569702148438], "7-9_AM_P1C3_Serial.jpg": [808.939697265625, 808.896484375, 644.1871337890625], "7-12_AM_P1C1_Serial.jpg": [818.6103515625, 818.970703125, 654.3592529296875], "7-9_PM_P1C1_Serial.jpg": [804.2857666015625, 804.071533203125, 653.9750366210938]}