{"7-9_AM_P1C6_Streak.jpg": [814.682861328125, 814.531982421875, 657.084228515625], "7-12_AM_P1C3_Streak.jpg": [812.4766845703125, 812.18798828125, 653.3199462890625], "7-10_PM_P1C2_Streak.jpg": [814.550537109375, 814.67822265625, 651.9296264648438], "7-11_AM_P1C10_Streak.jpg": [783.5, 783.625, 655.9874267578125], "7-11_PM_P1C6_Streak.jpg": [814.1329345703125, 814.24462890625, 655.5941162109375], "7-9_AM_P1C2_Streak.jpg": [814.81982421875, 814.4287109375, 653.4099731445312], "7-10_AM_P1C8_Streak.jpg": [812.7957763671875, 812.868896484375, 654.9347534179688], "7-10_PM_P1C4_Streak.jpg": [810.2197265625, 810.25, 661.3182373046875], "7-9_AM_P1C5_Streak.jpg": [814.9951171875, 814.7303466796875, 662.8494262695312], "7-12_PM_P1C3_Streak.jpg": [814.23095703125, 814.61083984375, 649.17431640625], "7-9_PM_P1C1_Streak.jpg": [807.0865478515625, 807.581787109375, 636.4124145507812], "7-12_PM_P1C10_Streak.jpg": [775.75, 775.25, 657.9500122070312], "7-10_AM_P1C6_Streak.jpg": [812.9312744140625, 812.9375, 662.5233764648438], "7-12_AM_P1C6_Streak.jpg": [814.0123291015625, 814.34912109375, 658.6298828125], "7-11_PM_P1C4_Streak.jpg": [814.3084716796875, 814.85400390625, 678.02734375], "7-9_PM_P1C6_Streak.jpg": [814.9149169921875, 814.050048828125, 655.5075073242188], "7-9_PM_P1C3_Streak.jpg": [814.3792724609375, 814.258544921875, 650.1218872070312], "7-9_PM_P1C10_Streak.jpg": [782.125, 782.4375, 645.6469116210938], "7-12_AM_P1C9_Streak.jpg": [814.1617431640625, 814.063720703125, 657.7901611328125], "7-11_PM_P1C3_Streak.jpg": [804.223388671875, 804.631591796875, 647.0963134765625], "7-9_PM_P1C7_Streak.jpg": [814.4327392578125, 814.27880859375, 644.4375610351562], "7-11_PM_P1C5_Streak.jpg": [812.8499755859375, 812.07275390625, 655.1093139648438], "7-11_AM_P1C5_Streak.jpg": [814.7532958984375, 814.210205078125, 657.5444946289062], "7-12_PM_P1C6_Streak.jpg": [814.073486328125, 814.22802734375, 655.9484252929688], "7-9_AM_P1C4_Streak.jpg": [814.0438232421875, 814.5489501953125, 667.487548828125], "7-9_PM_P1C4_Streak.jpg": [814.7608642578125, 814.114013671875, 666.1384887695312], "7-11_AM_P1C8_Streak.jpg": [814.5439453125, 814.3330078125, 649.9100341796875], "7-10_AM_P1C9_Streak.jpg": [810.6258544921875, 810.77001953125, 659.0950317382812], "7-10_PM_P1C3_Streak.jpg": [812.82470703125, 812.363525390625, 646.4464721679688], "7-10_PM_P1C1_Streak.jpg": [810.9832763671875, 810.949951171875, 636.7566528320312], "7-11_AM_P1C3_Streak.jpg": [812.07080078125, 812.410400390625, 655.93212890625], "7-11_AM_P1C9_Streak.jpg": [814.4515380859375, 814.089599609375, 658.5358276367188], "7-12_PM_P1C4_Streak.jpg": [814.256591796875, 814.993408203125, 676.2433471679688], "7-9_AM_P1C1_Streak.jpg": [804.8468017578125, 804.76611328125, 639.6451416015625], "7-10_PM_P1C9_Streak.jpg": [812.9378662109375, 812.8876953125, 658.8090209960938], "7-11_PM_P1C8_Streak.jpg": [814.2391357421875, 814.45654296875, 648.7077026367188], "7-12_PM_P1C8_Streak.jpg": [814.0325927734375, 814.00537109375, 657.697265625], "7-12_AM_P1C2_Streak.jpg": [812.268310546875, 812.78662109375, 655.6908569335938], "7-11_AM_P1C7_Streak.jpg": [814.29541015625, 814.46826171875, 671.6138916015625], "7-10_PM_P1C8_Streak.jpg": [812.3577880859375, 812.9068603515625, 653.7224731445312], "7-11_AM_P1C6_Streak.jpg": [810.3046875, 810.9609375, 651.9039306640625], "7-12_AM_P1C1_Streak.jpg": [814.4451904296875, 814.041015625, 645.2205200195312], "7-11_PM_P1C7_Streak.jpg": [812.449951171875, 812.4072265625, 665.1527709960938], "7-9_AM_P1C3_Streak.jpg": [814.358642578125, 814.565185546875, 651.660888671875], "7-12_AM_P1C10_Streak.jpg": [778.625, 778.25, 662.5875244140625], "7-12_PM_P1C1_Streak.jpg": [812.6964111328125, 812.132080078125, 648.60205078125], "7-10_AM_P1C3_Streak.jpg": [814.982177734375, 814.165283203125, 656.5096435546875], "7-10_AM_P1C2_Streak.jpg": [812.3485107421875, 812.5302734375, 654.7310791015625], "7-10_PM_P1C10_Streak.jpg": [814.51123046875, 814.660400390625, 674.0752563476562], "7-9_AM_P1C7_Streak.jpg": [810.40380859375, 810.3846435546875, 648.3240356445312], "7-9_PM_P1C5_Streak.jpg": [814.638916015625, 814.38330078125, 653.6024780273438], "7-9_PM_P1C8_Streak.jpg": [807.5411376953125, 807.686767578125, 642.4973754882812], "7-9_AM_P1C8_Streak.jpg": [809.4482421875, 809.1077880859375, 652.1814575195312], "7-12_PM_P1C2_Streak.jpg": [814.547607421875, 814.8896484375, 649.8703002929688], "7-12_AM_P1C7_Streak.jpg": [814.129638671875, 814.176025390625, 681.5266723632812], "7-12_PM_P1C9_Streak.jpg": [807.537353515625, 807.025634765625, 654.7333984375], "7-10_AM_P1C7_Streak.jpg": [812.8499755859375, 812.0, 659.5751342773438], "7-10_PM_P1C7_Streak.jpg": [814.440673828125, 814.097412109375, 671.7901611328125], "7-11_PM_P1C1_Streak.jpg": [812.7884521484375, 812.415283203125, 651.4465942382812], "7-11_AM_P1C1_Streak.jpg": [812.8970947265625, 812.5146484375, 632.9676513671875], "7-10_AM_P1C5_Streak.jpg": [814.5, 814.03125, 655.529296875], "7-11_PM_P1C2_Streak.jpg": [814.517822265625, 814.96435546875, 655.48486328125], "7-10_AM_P1C1_Streak.jpg": [814.887939453125, 814.646484375, 646.663818359375], "7-9_PM_P1C9_Streak.jpg": [814.23046875, 814.827880859375, 659.893798828125], "7-12_AM_P1C5_Streak.jpg": [812.970458984375, 812.07666015625, 657.6378173828125], "7-11_AM_P1C4_Streak.jpg": [814.456787109375, 814.64892578125, 669.3245239257812], "7-11_AM_P1C2_Streak.jpg": [812.3333740234375, 812.166748046875, 650.8592529296875], "7-10_AM_P1C4_Streak.jpg": [814.29638671875, 814.85302734375, 666.9649047851562], "7-12_AM_P1C4_Streak.jpg": [809.9884033203125, 809.357666015625, 655.1052856445312], "7-11_PM_P1C9_Streak.jpg": [812.4508056640625, 812.667236328125, 657.8302612304688], "7-12_AM_P1C8_Streak.jpg": [805.144775390625, 805.2236328125, 650.9569702148438], "7-10_AM_P1C10_Streak.jpg": [807.5714111328125, 807.107177734375, 659.7427978515625], "7-10_PM_P1C5_Streak.jpg": [814.9068603515625, 814.73046875, 656.3058471679688], "7-10_PM_P1C6_Streak.jpg": [814.4654541015625, 814.220703125, 654.6797485351562], "7-9_AM_P1C9_Streak.jpg": [812.443603515625, 812.802490234375, 652.7777709960938], "7-11_PM_P1C10_Streak.jpg": [810.7884521484375, 810.230712890625, 660.5941772460938], "7-9_PM_P1C2_Streak.jpg": [814.401123046875, 814.30810546875, 651.9847412109375], "7-12_PM_P1C7_Streak.jpg": [814.79345703125, 814.228271484375, 670.4369506835938], "7-9_AM_P1C10_Streak.jpg": [804.75, 804.173095703125, 638.5096435546875], "7-12_PM_P1C5_Streak.jpg": [812.5389404296875, 812.172119140625, 658.4546508789062]}